and,are,food,fruit,healthi,kind,of,plant,potato,tomato
0.0,0.34520501686496574,0.5844829010200651,0.0,0.5844829010200651,0.0,0.0,0.0,0.444514311537431,0.0
0.0,0.2980315863446099,0.0,0.5046113401371842,0.0,0.5046113401371842,0.5046113401371842,0.0,0.0,0.3837699307603192
0.5340933749435833,0.3154441510317797,0.0,0.0,0.0,0.0,0.0,0.5340933749435833,0.4061917781433946,0.4061917781433946
